,Rank,GeneID,Symbol,Homologs,n,n_pos,FDR,Top,10,pmids,V11,V12,V13,V14,V15,V16,V17,V18,V19,V20,V21,V22,V23,V24,V25,V26,V27
1,1,2067,ERCC1,-,614,122,6.755e-149,20216541,(p=2.12e-04),,20385995,(p=2.15e-04),,20530282,(p=2.15e-04),,19332728,(p=3.02e-04),,23263828,(p=5.03e-04),,24125975,(p=5.03e-04),,20734048,(p=5.04e-04),,19513514,(p=5.05e-04),,19922504,(p=5.08e-04),,19636001,(p=7.01e-04),
2,2,3845,KRAS,-,2028,177,2.137e-132,21855038,(p=2.00e-04),,22000810,(p=2.03e-04),,26891420,(p=2.08e-04),,28006055,(p=2.11e-04),,20972872,(p=2.11e-04),,25427581,(p=2.12e-04),,19196673,(p=2.13e-04),,23182985,(p=5.01e-04),,20888703,(p=5.02e-04),,23725851,(p=5.03e-04),
3,3,1956,EGFR,-,4828,245,5.275e-114,18349392,(p=2.09e-04),,22285168,(p=2.12e-04),,26159065,(p=2.14e-04),,26043909,(p=2.15e-04),,25590835,(p=3.02e-04),,24439929,(p=3.04e-04),,28061541,(p=4.00e-04),,25234930,(p=6.01e-04),,27083334,(p=6.01e-04),,23993733,(p=7.02e-04),
4,4,7298,TYMS,-,532,89,4.336e-112,19822515,(p=1.03e-04),,20216541,(p=2.12e-04),,27191954,(p=2.14e-04),,20385995,(p=2.15e-04),,20530282,(p=2.15e-04),,19332728,(p=3.02e-04),,20734048,(p=5.04e-04),,19513514,(p=5.05e-04),,19636001,(p=7.01e-04),,20061047,(p=7.02e-04),
5,5,2064,ERBB2,-,2547,124,2.356e-80,21985855,(p=2.07e-04),,27032301,(p=2.11e-04),,26181252,(p=5.01e-04),,20585851,(p=5.01e-04),,21383283,(p=5.03e-04),,24344005,(p=5.05e-04),,28750133,(p=5.05e-04),,26596672,(p=5.05e-04),,22534547,(p=5.08e-04),,27998970,(p=5.08e-04),
6,6,2068,ERCC2,-,795,65,1.192e-68,20216541,(p=2.12e-04),,20385995,(p=2.15e-04),,20530282,(p=2.15e-04),,19432884,(p=3.01e-04),,19332728,(p=3.02e-04),,20734048,(p=5.04e-04),,19922504,(p=5.08e-04),,14668933,(p=6.00e-04),,19636001,(p=7.01e-04),,17410042,(p=7.02e-04),
7,7,54658,UGT1A1,-,610,57,6.647e-66,20216541,(p=2.12e-04),,20385995,(p=2.15e-04),,20530282,(p=2.15e-04),,24033692,(p=4.00e-04),,21150467,(p=5.02e-04),,19513514,(p=5.05e-04),,20860988,(p=5.07e-04),,23236239,(p=5.07e-04),,19636001,(p=7.01e-04),,26494856,(p=7.02e-04),
8,8,6240,RRM1,-,141,33,1.351e-57,19552012,(p=1.00e-03),,24045016,(p=1.00e-03),,24215511,(p=1.20e-03),,20868593,(p=1.60e-03),,19002265,(p=1.80e-03),,23982437,(p=2.50e-03),,24595080,(p=3.00e-03),,12789263,(p=3.00e-03),,26228206,(p=3.30e-03),,24361227,(p=3.30e-03),
9,9,1806,DPYD,-,212,33,2.784e-51,20385995,(p=2.15e-04),,20530282,(p=2.15e-04),,19636001,(p=7.01e-04),,25677447,(p=1.00e-03),,25782327,(p=1.00e-03),,19858398,(p=1.60e-03),,28637434,(p=1.70e-03),,21498394,(p=2.70e-03),,15709212,(p=2.80e-03),,26372896,(p=2.80e-03),
10,10,7515,XRCC1,-,1113,56,8.108e-51,20216541,(p=2.12e-04),,19332728,(p=3.02e-04),,20734048,(p=5.04e-04),,17009149,(p=6.01e-04),,19636001,(p=7.01e-04),,17410042,(p=7.02e-04),,18509181,(p=9.01e-04),,18505590,(p=9.02e-04),,22452940,(p=1.00e-03),,19074750,(p=1.00e-03),
11,11,2950,GSTP1,-,1450,62,1.987e-50,20216541,(p=2.12e-04),,20385995,(p=2.15e-04),,20530282,(p=2.15e-04),,19332728,(p=3.02e-04),,20734048,(p=5.04e-04),,19922504,(p=5.08e-04),,19636001,(p=7.01e-04),,18085999,(p=9.00e-04),,18509181,(p=9.01e-04),,18505590,(p=9.02e-04),
12,12,673,BRAF,-,1852,67,9.662e-49,28006055,(p=2.11e-04),,27283860,(p=2.11e-04),,25427581,(p=2.12e-04),,27435270,(p=5.03e-04),,26446234,(p=5.06e-04),,27993800,(p=5.08e-04),,19884549,(p=6.00e-04),,23735514,(p=7.01e-04),,24024839,(p=1.00e-03),,22147942,(p=1.00e-03),
13,13,5243,ABCB1,-,2076,61,2.204e-41,19636001,(p=7.01e-04),,18509181,(p=9.01e-04),,19074750,(p=1.00e-03),,19622290,(p=1.00e-03),,19858398,(p=1.60e-03),,17409981,(p=1.60e-03),,19349543,(p=1.70e-03),,17534875,(p=1.80e-03),,27060927,(p=2.20e-03),,17510208,(p=2.80e-03),
14,14,7422,VEGFA,-,4154,82,3.08e-38,23444216,(p=1.08e-04),,23295255,(p=3.02e-04),,19047116,(p=6.01e-04),,24150126,(p=7.01e-04),,27727447,(p=7.02e-04),,28288572,(p=1.00e-03),,27177865,(p=1.00e-03),,20631636,(p=1.00e-03),,21048041,(p=1.00e-03),,25707392,(p=1.20e-03),
15,15,4233,MET,-,1039,37,4.72e-33,27789775,(p=1.00e-03),,27401892,(p=1.80e-03),,23381625,(p=1.80e-03),,24786972,(p=2.70e-03),,25584489,(p=2.80e-03),,27136744,(p=2.90e-03),,21383285,(p=3.00e-03),,23536000,(p=3.30e-03),,28337527,(p=3.30e-03),,24389243,(p=3.70e-03),
16,16,5290,PIK3CA,-,1251,39,2.94e-32,26947331,(p=6.01e-04),,24231454,(p=7.01e-04),,27573562,(p=1.70e-03),,24105357,(p=2.30e-03),,22675430,(p=2.70e-03),,25886136,(p=2.80e-03),,28098872,(p=2.80e-03),,25056500,(p=2.80e-03),,26995633,(p=3.00e-03),,27220763,(p=3.30e-03),
17,17,9429,ABCG2,-,705,31,6.796e-32,24338217,(p=2.11e-04),,20530282,(p=2.15e-04),,19636001,(p=7.01e-04),,19074750,(p=1.00e-03),,19622290,(p=1.00e-03),,26497773,(p=1.00e-03),,26386386,(p=1.20e-03),,24351404,(p=1.20e-03),,23960095,(p=1.70e-03),,17534875,(p=1.80e-03),
18,18,672,BRCA1,-,2556,52,7.454e-31,19415121,(p=9.02e-04),,23810788,(p=1.20e-03),,20609467,(p=1.60e-03),,19002265,(p=1.80e-03),,23462720,(p=2.10e-03),,21897273,(p=2.10e-03),,26637364,(p=2.70e-03),,20609468,(p=2.90e-03),,28604461,(p=3.00e-03),,20711688,(p=3.00e-03),
19,19,332,BIRC5,-,1116,33,3.707e-28,24961465,(p=2.20e-03),,21279308,(p=2.50e-03),,22723337,(p=2.80e-03),,25294423,(p=2.80e-03),,16364925,(p=2.90e-03),,20868995,(p=2.90e-03),,23358177,(p=3.10e-03),,20597995,(p=3.10e-03),,21470426,(p=3.90e-03),,23924925,(p=4.50e-03),
20,20,7157,TP53,-,8709,95,2.868e-26,24924261,(p=5.08e-04),,23423487,(p=9.01e-04),,19786980,(p=1.00e-03),,25555420,(p=1.20e-03),,18676755,(p=1.60e-03),,25775024,(p=1.60e-03),,26490659,(p=1.60e-03),,19672255,(p=1.60e-03),,15041737,(p=1.70e-03),,18618574,(p=1.90e-03),
21,21,346389,MACC1,-,102,15,4.919e-26,23648065,(p=7.01e-04),,28339092,(p=3.30e-03),,25953673,(p=4.20e-03),,23414367,(p=5.20e-03),,27793161,(p=5.70e-03),,27431311,(p=6.40e-03),,23166620,(p=8.20e-03),,27832750,(p=8.50e-03),,26332389,(p=8.80e-03),,24310811,(p=9.10e-03),
22,22,978,CDA,-,89,14,6.221e-25,18347182,(p=1.70e-03),,22052224,(p=1.90e-03),,23995783,(p=1.90e-03),,23736036,(p=3.70e-03),,19536092,(p=4.10e-03),,21652582,(p=4.50e-03),,20665488,(p=4.60e-03),,17194903,(p=5.20e-03),,20028759,(p=5.50e-03),,27979915,(p=5.60e-03),
23,23,10381,TUBB3,-,198,16,2.776e-23,23853246,(p=1.00e-03),,29491095,(p=1.40e-03),,20868593,(p=1.60e-03),,21586171,(p=2.10e-03),,17289895,(p=2.50e-03),,18977553,(p=2.90e-03),,22358390,(p=3.00e-03),,12789263,(p=3.00e-03),,19828208,(p=3.70e-03),,22766748,(p=4.20e-03),
24,24,3480,IGF1R,-,955,26,5.334e-23,27144430,(p=1.20e-03),,17918158,(p=2.10e-03),,20935157,(p=3.00e-03),,28498399,(p=4.20e-03),,19806209,(p=4.90e-03),,25081930,(p=5.30e-03),,26738606,(p=5.60e-03),,26884344,(p=5.60e-03),,25175038,(p=5.60e-03),,26850678,(p=5.80e-03),
25,25,29126,CD274,-,734,23,2.37e-22,28275115,(p=7.02e-04),,28112370,(p=2.70e-03),,28230773,(p=2.80e-03),,26352784,(p=4.20e-03),,17920123,(p=5.30e-03),,28351581,(p=6.30e-03),,28480996,(p=6.40e-03),,28145884,(p=6.60e-03),,26933175,(p=7.00e-03),,26378017,(p=7.20e-03),
26,26,2475,MTOR,-,1679,32,2.691e-22,20630061,(p=7.01e-04),,27090655,(p=4.10e-03),,26319086,(p=4.20e-03),,20929525,(p=4.20e-03),,20855840,(p=4.30e-03),,22841170,(p=4.30e-03),,27058415,(p=4.60e-03),,24011934,(p=4.60e-03),,25862847,(p=4.60e-03),,19164214,(p=5.20e-03),
27,27,2030,SLC29A1,-,143,14,5.423e-22,24361227,(p=3.30e-03),,19318496,(p=4.30e-03),,26362587,(p=4.40e-03),,21822668,(p=4.50e-03),,20665488,(p=4.60e-03),,20028759,(p=5.50e-03),,21264835,(p=5.60e-03),,24857044,(p=5.70e-03),,21898089,(p=5.80e-03),,24280569,(p=5.80e-03),
28,28,4524,MTHFR,-,3221,43,1.386e-21,23407049,(p=2.00e-04),,24338217,(p=2.11e-04),,20216541,(p=2.12e-04),,20385995,(p=2.15e-04),,20530282,(p=2.15e-04),,19332728,(p=3.02e-04),,20734048,(p=5.04e-04),,17009149,(p=6.01e-04),,19636001,(p=7.01e-04),,19074750,(p=1.00e-03),
29,29,238,ALK,-,529,19,1.969e-20,26973324,(p=1.20e-03),,24288180,(p=1.40e-03),,27136744,(p=2.90e-03),,26966027,(p=3.00e-03),,23617826,(p=3.70e-03),,19667264,(p=4.00e-03),,23639470,(p=4.50e-03),,27637025,(p=4.50e-03),,24691006,(p=4.60e-03),,27756333,(p=5.40e-03),
30,30,596,BCL2,-,1761,30,3.485e-20,18949393,(p=9.01e-04),,25885284,(p=2.90e-03),,24496564,(p=2.90e-03),,26639348,(p=3.00e-03),,18985814,(p=3.70e-03),,26874859,(p=5.20e-03),,20603619,(p=5.20e-03),,28379541,(p=5.30e-03),,23861345,(p=5.60e-03),,22517702,(p=5.70e-03),
31,31,7153,TOP2A,-,401,17,6.611e-20,26867764,(p=1.00e-03),,19661040,(p=1.80e-03),,18465341,(p=2.80e-03),,24138107,(p=2.90e-03),,17388661,(p=3.30e-03),,25921160,(p=3.60e-03),,21734419,(p=4.30e-03),,26588239,(p=4.60e-03),,21681601,(p=4.60e-03),,21917518,(p=5.80e-03),
32,32,3791,KDR,-,875,22,9.427e-20,27789775,(p=1.00e-03),,21048041,(p=1.00e-03),,25707392,(p=1.20e-03),,28220020,(p=1.80e-03),,22539090,(p=2.40e-03),,26619847,(p=2.70e-03),,20026801,(p=2.80e-03),,28621236,(p=3.10e-03),,26375674,(p=3.20e-03),,21424032,(p=4.50e-03),
33,33,6774,STAT3,-,2272,33,1.321e-19,28646535,(p=1.60e-03),,23083634,(p=1.60e-03),,24025152,(p=1.60e-03),,26682870,(p=2.30e-03),,24886434,(p=3.10e-03),,17920763,(p=3.40e-03),,24402583,(p=4.20e-03),,21875334,(p=4.50e-03),,28376152,(p=4.50e-03),,23446809,(p=4.60e-03),
34,34,5728,PTEN,-,1903,30,2.186e-19,26722535,(p=9.01e-04),,25725586,(p=2.70e-03),,25056500,(p=2.80e-03),,19398573,(p=2.90e-03),,21194879,(p=3.30e-03),,28213783,(p=3.70e-03),,19884556,(p=3.70e-03),,27644195,(p=3.70e-03),,24187456,(p=4.20e-03),,23613387,(p=4.50e-03),
35,35,207,AKT1,-,2893,36,8.781e-19,19409087,(p=1.00e-03),,25519148,(p=1.70e-03),,20726858,(p=1.70e-03),,22131882,(p=1.70e-03),,24105357,(p=2.30e-03),,22539090,(p=2.40e-03),,19219602,(p=2.70e-03),,28098872,(p=2.80e-03),,19729990,(p=3.00e-03),,28376174,(p=3.00e-03),
36,36,4255,MGMT,-,599,18,2.507e-18,23422094,(p=5.05e-04),,25163906,(p=5.06e-04),,18509181,(p=9.01e-04),,20091185,(p=2.10e-03),,18156172,(p=2.70e-03),,27006309,(p=3.00e-03),,27918718,(p=3.30e-03),,19536092,(p=4.10e-03),,25586538,(p=4.50e-03),,24068788,(p=5.20e-03),
37,37,1244,ABCC2,-,283,14,6.261e-18,20530282,(p=2.15e-04),,23232902,(p=6.00e-04),,19636001,(p=7.01e-04),,25890497,(p=1.20e-03),,17534875,(p=1.80e-03),,22201120,(p=2.10e-03),,18690847,(p=2.10e-03),,12576456,(p=3.70e-03),,19020751,(p=3.90e-03),,17925548,(p=4.20e-03),
38,38,3091,HIF1A,-,2688,32,4.279e-17,19742344,(p=9.01e-04),,20117921,(p=1.80e-03),,26617778,(p=2.70e-03),,27604859,(p=2.80e-03),,23785417,(p=2.80e-03),,18376310,(p=3.30e-03),,24018850,(p=3.80e-03),,16899602,(p=4.20e-03),,26717965,(p=4.20e-03),,20706634,(p=4.50e-03),
39,39,768,CA9,-,259,13,6.3e-17,24893880,(p=1.40e-03),,16954440,(p=2.70e-03),,19619339,(p=2.70e-03),,19008051,(p=4.50e-03),,27102843,(p=5.20e-03),,12576453,(p=5.40e-03),,25890268,(p=6.40e-03),,26993100,(p=7.80e-03),,17245699,(p=8.20e-03),,18841153,(p=8.30e-03),
40,40,6790,AURKA,-,611,16,8.107e-16,27209210,(p=9.01e-04),,25082261,(p=1.80e-03),,27502708,(p=3.10e-03),,25625960,(p=3.30e-03),,26884555,(p=4.10e-03),,28764929,(p=4.70e-03),,25547434,(p=5.10e-03),,21479365,(p=5.40e-03),,18669163,(p=7.00e-03),,25924824,(p=7.60e-03),
41,41,675,BRCA2,-,1564,23,9.779e-16,23810788,(p=1.20e-03),,20609467,(p=1.60e-03),,20609468,(p=2.90e-03),,21378390,(p=2.90e-03),,24081797,(p=3.20e-03),,19553641,(p=3.70e-03),,19536092,(p=4.10e-03),,22253870,(p=4.50e-03),,24627042,(p=5.20e-03),,21934105,(p=5.30e-03),
42,42,595,CCND1,-,1381,21,4.68e-15,18349392,(p=2.09e-04),,20631636,(p=1.00e-03),,23515614,(p=1.80e-03),,20418097,(p=3.30e-03),,19536092,(p=4.10e-03),,21890746,(p=4.70e-03),,27798882,(p=5.30e-03),,22065993,(p=5.30e-03),,16406195,(p=5.70e-03),,21079973,(p=5.80e-03),
43,43,2944,GSTM1,-,2046,25,5.587e-15,20216541,(p=2.12e-04),,20385995,(p=2.15e-04),,20530282,(p=2.15e-04),,19332728,(p=3.02e-04),,19513514,(p=5.05e-04),,19636001,(p=7.01e-04),,19074750,(p=1.00e-03),,19786980,(p=1.00e-03),,15213713,(p=2.10e-03),,19347979,(p=2.50e-03),
44,44,8743,TNFSF10,-,776,16,2.674e-14,20424169,(p=3.30e-03),,18640940,(p=3.30e-03),,23699656,(p=4.10e-03),,26381901,(p=4.20e-03),,19782681,(p=4.50e-03),,19147771,(p=5.20e-03),,23053497,(p=5.60e-03),,22783581,(p=6.40e-03),,24145180,(p=6.70e-03),,21291526,(p=7.60e-03),
45,45,5743,PTGS2,-,2041,24,2.802e-14,20631636,(p=1.00e-03),,19047118,(p=1.00e-03),,27101738,(p=1.80e-03),,25888998,(p=2.10e-03),,19219602,(p=2.70e-03),,12789263,(p=3.00e-03),,21424032,(p=4.50e-03),,12209745,(p=5.20e-03),,22729746,(p=5.40e-03),,18381949,(p=5.40e-03),
46,46,4363,ABCC1,-,326,12,2.929e-14,20530282,(p=2.15e-04),,26950035,(p=6.00e-04),,19622290,(p=1.00e-03),,18690847,(p=2.10e-03),,25586348,(p=3.10e-03),,24024181,(p=3.60e-03),,12576456,(p=3.70e-03),,17925548,(p=4.20e-03),,24382439,(p=5.70e-03),,25885226,(p=6.70e-03),
47,47,960,CD44,-,1050,17,2.2e-13,26747179,(p=1.40e-03),,26762850,(p=3.70e-03),,26687806,(p=4.20e-03),,24397969,(p=5.20e-03),,27176078,(p=5.70e-03),,24504189,(p=6.10e-03),,28365695,(p=6.40e-03),,27062566,(p=6.80e-03),,26617852,(p=7.40e-03),,29107110,(p=7.50e-03),
48,48,1048,CEACAM5,-,213,10,3.262e-13,25608838,(p=5.03e-04),,19259690,(p=1.70e-03),,26892612,(p=1.70e-03),,26559272,(p=2.80e-03),,27234640,(p=4.90e-03),,23697613,(p=5.40e-03),,24293105,(p=5.50e-03),,16324274,(p=5.70e-03),,25731731,(p=6.60e-03),,25402018,(p=7.40e-03),
49,49,4893,NRAS,-,446,12,1.065e-12,24024839,(p=1.00e-03),,28284557,(p=1.70e-03),,28859058,(p=2.70e-03),,25886136,(p=2.80e-03),,24758538,(p=3.70e-03),,26989027,(p=4.10e-03),,27382031,(p=4.10e-03),,25666295,(p=4.60e-03),,24691006,(p=4.60e-03),,23821376,(p=5.20e-03),
50,50,5133,PDCD1,-,584,13,1.43e-12,18494554,(p=2.80e-03),,27354668,(p=2.90e-03),,25704439,(p=3.50e-03),,24114613,(p=3.90e-03),,27354476,(p=4.50e-03),,28480996,(p=6.40e-03),,26933175,(p=7.00e-03),,27059553,(p=7.30e-03),,25963805,(p=7.50e-03),,27610620,(p=7.60e-03),
51,51,5347,PLK1,-,605,13,2.165e-12,26577686,(p=3.70e-03),,28267710,(p=3.80e-03),,27647547,(p=4.20e-03),,21399492,(p=4.50e-03),,23144294,(p=5.20e-03),,23792639,(p=5.50e-03),,23661607,(p=6.60e-03),,25826089,(p=7.60e-03),,22188812,(p=7.80e-03),,28652654,(p=7.90e-03),
52,52,2305,FOXM1,-,363,11,2.307e-12,28482906,(p=1.60e-03),,23054116,(p=3.30e-03),,26560505,(p=5.20e-03),,23006512,(p=5.30e-03),,25213081,(p=6.80e-03),,25537512,(p=7.20e-03),,28277541,(p=8.00e-03),,26091938,(p=8.40e-03),,27439614,(p=8.50e-03),,23857410,(p=9.30e-03),
53,53,1027,CDKN1B,-,929,15,3.347e-12,25524798,(p=9.02e-04),,19276255,(p=9.02e-04),,19536092,(p=4.10e-03),,18644126,(p=4.20e-03),,17148774,(p=4.20e-03),,21062737,(p=6.60e-03),,19020940,(p=7.00e-03),,25310086,(p=7.40e-03),,21464733,(p=7.40e-03),,22158033,(p=7.60e-03),
54,54,2952,GSTT1,-,1711,19,6.962e-12,20216541,(p=2.12e-04),,20385995,(p=2.15e-04),,19332728,(p=3.02e-04),,19074750,(p=1.00e-03),,19786980,(p=1.00e-03),,15213713,(p=2.10e-03),,19347979,(p=2.50e-03),,12072547,(p=2.80e-03),,12851839,(p=3.70e-03),,17401013,(p=3.70e-03),
55,55,4170,MCL1,-,587,12,2.208e-11,21863213,(p=3.30e-03),,19782681,(p=4.50e-03),,23171055,(p=4.60e-03),,24469836,(p=5.50e-03),,27351224,(p=6.10e-03),,16969094,(p=6.40e-03),,23887890,(p=6.40e-03),,25627260,(p=7.50e-03),,17927446,(p=7.80e-03),,25409302,(p=8.70e-03),
56,56,8842,PROM1,-,483,11,4.443e-11,22231565,(p=7.02e-04),,26406410,(p=9.00e-04),,22394107,(p=2.40e-03),,17388661,(p=3.30e-03),,23233126,(p=7.40e-03),,27748881,(p=7.70e-03),,27659530,(p=7.80e-03),,21829201,(p=7.80e-03),,23558457,(p=8.00e-03),,24436149,(p=8.80e-03),
57,57,1890,TYMP,-,162,8,5.258e-11,18765464,(p=1.00e-03),,21586171,(p=2.10e-03),,22610353,(p=2.40e-03),,26617778,(p=2.70e-03),,26676887,(p=4.50e-03),,22752215,(p=6.20e-03),,20955617,(p=8.00e-03),,15756433,(p=8.70e-03),,NA,,NA,
58,58,1633,DCK,-,93,7,5.346e-11,26362587,(p=4.40e-03),,19568409,(p=4.50e-03),,20665488,(p=4.60e-03),,20028759,(p=5.50e-03),,24618665,(p=6.00e-03),,22705007,(p=6.40e-03),,23035362,(p=7.80e-03),,NA,,NA,,NA,
59,59,4292,MLH1,-,876,13,1.646e-10,18949393,(p=9.01e-04),,24748501,(p=1.20e-03),,19858398,(p=1.60e-03),,19536092,(p=4.10e-03),,22968820,(p=5.20e-03),,26191250,(p=5.60e-03),,14555508,(p=6.60e-03),,18497967,(p=6.80e-03),,12209584,(p=7.80e-03),,20470425,(p=8.20e-03),
60,60,7852,CXCR4,-,1729,17,2.829e-10,26552750,(p=5.04e-04),,25557636,(p=1.80e-03),,27697997,(p=2.70e-03),,26269605,(p=3.00e-03),,21349998,(p=3.40e-03),,28196146,(p=3.60e-03),,28356064,(p=3.70e-03),,26073897,(p=4.50e-03),,22925564,(p=4.60e-03),,28639900,(p=5.00e-03),
61,61,7372,UMPS,-,61,6,3.424e-10,19332728,(p=3.02e-04),,19074750,(p=1.00e-03),,28347333,(p=2.80e-03),,17549346,(p=4.10e-03),,20647221,(p=9.80e-03),,18597678,(p=9.90e-03),,NA,,NA,,NA,,NA,
62,62,7517,XRCC3,-,451,10,3.906e-10,17410042,(p=7.02e-04),,22374424,(p=2.10e-03),,21726821,(p=2.80e-03),,17401013,(p=3.70e-03),,19536092,(p=4.10e-03),,18448328,(p=4.50e-03),,17549067,(p=5.20e-03),,18335219,(p=5.20e-03),,20331623,(p=7.70e-03),,17197435,(p=9.90e-03),
63,63,648,BMI1,-,454,10,4.095e-10,28260023,(p=4.20e-03),,21999765,(p=4.30e-03),,25286028,(p=5.00e-03),,24800958,(p=5.40e-03),,23700898,(p=5.50e-03),,24913180,(p=6.40e-03),,21309753,(p=7.40e-03),,27177084,(p=7.40e-03),,26918603,(p=7.70e-03),,25764514,(p=9.50e-03),
64,64,7507,XPA,-,216,8,4.643e-10,19332728,(p=3.02e-04),,19074750,(p=1.00e-03),,15213713,(p=2.10e-03),,23617284,(p=4.00e-03),,19536092,(p=4.10e-03),,15844177,(p=5.00e-03),,26156020,(p=5.30e-03),,18204222,(p=6.00e-03),,NA,,NA,
65,65,3082,HGF,-,693,11,1.631e-09,28621236,(p=3.10e-03),,27918718,(p=3.30e-03),,26282167,(p=5.30e-03),,25351134,(p=5.60e-03),,26577828,(p=5.70e-03),,24800946,(p=5.70e-03),,24609899,(p=6.30e-03),,26790028,(p=7.60e-03),,21447729,(p=9.10e-03),,24810547,(p=9.30e-03),
66,66,1026,CDKN1A,-,1511,15,1.726e-09,25616665,(p=1.80e-03),,17388661,(p=3.30e-03),,19536092,(p=4.10e-03),,17925548,(p=4.20e-03),,20702488,(p=4.60e-03),,18559599,(p=6.10e-03),,24658320,(p=7.00e-03),,26940882,(p=7.60e-03),,14719078,(p=7.70e-03),,20388787,(p=8.00e-03),
67,67,2099,ESR1,-,2923,20,4.849e-09,26916095,(p=1.20e-03),,19667268,(p=2.80e-03),,17388661,(p=3.30e-03),,28498399,(p=4.20e-03),,20920367,(p=4.50e-03),,27532364,(p=4.60e-03),,27022068,(p=5.10e-03),,21901395,(p=5.70e-03),,24908329,(p=5.70e-03),,23991038,(p=5.70e-03),
68,68,2146,EZH2,-,780,11,5.205e-09,28069878,(p=1.00e-03),,21926398,(p=2.20e-03),,24850841,(p=3.40e-03),,25633838,(p=5.20e-03),,22552406,(p=5.50e-03),,18980972,(p=5.80e-03),,26631032,(p=6.40e-03),,25262426,(p=6.40e-03),,24211739,(p=7.40e-03),,21713757,(p=7.80e-03),
69,69,4193,MDM2,-,1687,15,6.72e-09,23423487,(p=9.01e-04),,23347235,(p=1.00e-03),,18618574,(p=1.90e-03),,26228206,(p=3.30e-03),,22634534,(p=3.30e-03),,27550999,(p=4.00e-03),,26431163,(p=5.70e-03),,28678832,(p=6.40e-03),,19020940,(p=7.00e-03),,19764997,(p=7.50e-03),
70,70,23411,SIRT1,-,1010,12,7.12e-09,24088390,(p=3.30e-03),,24223900,(p=3.30e-03),,28166203,(p=4.20e-03),,26515337,(p=4.20e-03),,19433578,(p=5.50e-03),,24816737,(p=6.30e-03),,26585892,(p=6.60e-03),,27145368,(p=6.70e-03),,28122359,(p=8.80e-03),,25779952,(p=9.60e-03),
71,71,1111,CHEK1,-,455,9,7.248e-09,24098799,(p=1.90e-03),,22203733,(p=3.00e-03),,25884494,(p=3.00e-03),,27815358,(p=4.20e-03),,18381943,(p=6.90e-03),,26657501,(p=7.80e-03),,24810059,(p=7.80e-03),,24113549,(p=8.00e-03),,24913641,(p=9.40e-03),,NA,
72,72,9154,SLC28A1,-,44,5,7.212e-09,25890497,(p=1.20e-03),,19107936,(p=4.20e-03),,20665488,(p=4.60e-03),,20028759,(p=5.50e-03),,25600708,(p=6.90e-03),,NA,,NA,,NA,,NA,,NA,
73,73,3309,HSPA5,-,630,10,7.899e-09,26939701,(p=1.00e-03),,24602846,(p=3.10e-03),,23428538,(p=4.20e-03),,20473863,(p=5.60e-03),,27254284,(p=7.70e-03),,22543280,(p=7.80e-03),,17640713,(p=7.80e-03),,25519021,(p=8.00e-03),,23759331,(p=8.00e-03),,28393217,(p=8.20e-03),
74,74,64078,SLC28A3,-,45,5,7.89e-09,24361227,(p=3.30e-03),,19318496,(p=4.30e-03),,21822668,(p=4.50e-03),,20028759,(p=5.50e-03),,27604902,(p=9.80e-03),,NA,,NA,,NA,,NA,,NA,
75,75,6241,RRM2,-,106,6,8.263e-09,18278438,(p=1.20e-03),,19002265,(p=1.80e-03),,19568409,(p=4.50e-03),,28624910,(p=6.40e-03),,25738429,(p=6.70e-03),,18414411,(p=9.50e-03),,NA,,NA,,NA,,NA,
76,76,4780,NFE2L2,-,1034,12,8.449e-09,21969819,(p=3.00e-03),,21842204,(p=4.20e-03),,25739673,(p=5.20e-03),,24761924,(p=5.60e-03),,26410168,(p=5.80e-03),,24599410,(p=6.90e-03),,20534738,(p=6.90e-03),,26247201,(p=6.90e-03),,24837013,(p=7.80e-03),,25588809,(p=8.00e-03),
77,77,3579,CXCR2,-,324,8,9.327e-09,25580640,(p=5.70e-03),,23972657,(p=6.90e-03),,26847910,(p=7.40e-03),,26267317,(p=7.80e-03),,16098254,(p=8.00e-03),,26231560,(p=8.00e-03),,28415702,(p=8.00e-03),,20540789,(p=8.30e-03),,NA,,NA,
78,78,598,BCL2L1,-,648,10,9.625e-09,19219602,(p=2.70e-03),,21863213,(p=3.30e-03),,23171055,(p=4.60e-03),,20603619,(p=5.20e-03),,14520471,(p=6.40e-03),,23887890,(p=6.40e-03),,17927446,(p=7.80e-03),,23749114,(p=7.80e-03),,23051936,(p=8.40e-03),,18609706,(p=9.40e-03),
79,79,4288,MKI67,-,668,10,1.262e-08,26107196,(p=2.10e-03),,26633571,(p=2.10e-03),,23096218,(p=2.50e-03),,22126395,(p=2.80e-03),,25400769,(p=4.40e-03),,18592370,(p=5.70e-03),,23526930,(p=5.70e-03),,24498305,(p=6.80e-03),,28651488,(p=7.00e-03),,14674120,(p=8.00e-03),
80,80,5241,PGR,-,675,10,1.374e-08,18668363,(p=2.10e-03),,20920367,(p=4.50e-03),,27022068,(p=5.10e-03),,21901395,(p=5.70e-03),,19205877,(p=6.50e-03),,20890067,(p=7.60e-03),,24021827,(p=7.80e-03),,21271213,(p=8.20e-03),,25281525,(p=8.80e-03),,22697792,(p=9.60e-03),
81,81,331,XIAP,-,499,9,1.403e-08,24853184,(p=3.40e-03),,17094439,(p=3.60e-03),,27607580,(p=3.70e-03),,22403616,(p=4.10e-03),,25572427,(p=4.30e-03),,22776562,(p=5.20e-03),,17611394,(p=6.90e-03),,27221209,(p=7.40e-03),,17339366,(p=7.80e-03),,NA,
82,82,558,AXL,-,235,7,2.535e-08,20922806,(p=5.50e-03),,25767293,(p=5.60e-03),,23117882,(p=5.60e-03),,22890323,(p=5.70e-03),,26206560,(p=9.30e-03),,27671334,(p=9.30e-03),,26942465,(p=9.60e-03),,NA,,NA,,NA,
83,83,581,BAX,-,932,11,2.556e-08,18494554,(p=2.80e-03),,17388661,(p=3.30e-03),,17634542,(p=3.70e-03),,11992551,(p=4.20e-03),,28231544,(p=5.20e-03),,17426704,(p=6.80e-03),,14719078,(p=7.70e-03),,17927446,(p=7.80e-03),,12907654,(p=8.30e-03),,19177010,(p=8.60e-03),
84,84,6387,CXCL12,-,1171,12,2.89e-08,26552750,(p=5.04e-04),,25557636,(p=1.80e-03),,27697997,(p=2.70e-03),,21410972,(p=2.80e-03),,21349998,(p=3.40e-03),,28639900,(p=5.00e-03),,22220212,(p=5.20e-03),,26851944,(p=5.70e-03),,24810923,(p=6.90e-03),,25471741,(p=7.00e-03),
85,85,100133941,CD24,-,250,7,3.744e-08,28440503,(p=3.10e-03),,23539485,(p=5.60e-03),,27276062,(p=6.40e-03),,26617852,(p=7.40e-03),,27659530,(p=7.80e-03),,28418843,(p=9.40e-03),,19706825,(p=9.80e-03),,NA,,NA,,NA,
86,86,2214,FCGR3A,-,395,8,3.871e-08,18349392,(p=2.09e-04),,25011934,(p=6.00e-04),,24884501,(p=1.20e-03),,20047592,(p=2.50e-03),,20418097,(p=3.30e-03),,20550522,(p=4.00e-03),,19164213,(p=4.00e-03),,23171437,(p=5.80e-03),,NA,,NA,
87,87,1576,CYP3A4,-,777,10,4.653e-08,20530282,(p=2.15e-04),,19636001,(p=7.01e-04),,19074750,(p=1.00e-03),,20395213,(p=1.20e-03),,17409981,(p=1.60e-03),,19470925,(p=3.70e-03),,17925548,(p=4.20e-03),,20459744,(p=4.20e-03),,21169260,(p=5.40e-03),,20068078,(p=8.70e-03),
88,88,1994,ELAVL1,-,415,8,5.531e-08,24536047,(p=7.01e-04),,26386386,(p=1.20e-03),,21152064,(p=3.30e-03),,26362587,(p=4.40e-03),,24036660,(p=4.70e-03),,24618665,(p=6.00e-03),,26943573,(p=6.90e-03),,19009247,(p=9.20e-03),,NA,,NA,
89,89,572,BAD,-,267,7,5.616e-08,18593990,(p=1.80e-03),,21849418,(p=3.60e-03),,20603619,(p=5.20e-03),,18676776,(p=6.60e-03),,17927446,(p=7.80e-03),,25215949,(p=8.70e-03),,20691103,(p=9.90e-03),,NA,,NA,,NA,
90,90,7465,WEE1,-,152,6,6.043e-08,24536047,(p=7.01e-04),,27363019,(p=1.20e-03),,26431163,(p=5.70e-03),,23767999,(p=6.60e-03),,26054341,(p=7.60e-03),,23531080,(p=9.30e-03),,NA,,NA,,NA,,NA,
91,91,8678,BECN1,-,429,8,6.9e-08,25427639,(p=2.10e-03),,28977798,(p=2.70e-03),,26458502,(p=4.60e-03),,25708267,(p=6.00e-03),,26935807,(p=6.60e-03),,27696537,(p=6.60e-03),,25512258,(p=7.60e-03),,22392728,(p=7.60e-03),,NA,,NA,
92,92,216,ALDH1A1,-,278,7,7.162e-08,27380877,(p=5.20e-03),,23132408,(p=5.40e-03),,22080062,(p=7.80e-03),,23332924,(p=8.00e-03),,22710732,(p=8.00e-03),,27832750,(p=8.50e-03),,27368476,(p=9.40e-03),,NA,,NA,,NA,
93,93,1577,CYP3A5,-,628,9,8.614e-08,20530282,(p=2.15e-04),,19636001,(p=7.01e-04),,19074750,(p=1.00e-03),,20395213,(p=1.20e-03),,17510208,(p=2.80e-03),,19470925,(p=3.70e-03),,26179145,(p=3.70e-03),,17925548,(p=4.20e-03),,20459744,(p=4.20e-03),,NA,
94,94,2065,ERBB3,-,443,8,8.541e-08,20726858,(p=1.70e-03),,18985033,(p=4.60e-03),,27070783,(p=6.40e-03),,26034219,(p=6.40e-03),,26863446,(p=7.80e-03),,25731189,(p=8.70e-03),,19047113,(p=8.70e-03),,18270579,(p=9.20e-03),,NA,,NA,
95,95,1317,SLC31A1,-,75,5,8.51e-08,28714373,(p=5.07e-04),,27384479,(p=4.10e-03),,22725681,(p=5.50e-03),,24792335,(p=9.50e-03),,26851002,(p=9.90e-03),,NA,,NA,,NA,,NA,,NA,
96,96,472,ATM,-,1126,11,1.426e-07,19536092,(p=4.10e-03),,24145123,(p=4.50e-03),,27838786,(p=5.20e-03),,27197168,(p=5.30e-03),,28638267,(p=5.60e-03),,16520463,(p=5.80e-03),,18381943,(p=6.90e-03),,27329169,(p=7.50e-03),,27259260,(p=7.80e-03),,22094875,(p=9.60e-03),
97,97,7040,TGFB1,-,3801,20,1.541e-07,27330076,(p=1.20e-03),,21515830,(p=4.10e-03),,26212008,(p=5.20e-03),,17692120,(p=5.20e-03),,27893715,(p=6.00e-03),,26597083,(p=6.40e-03),,18932017,(p=6.70e-03),,25270361,(p=6.90e-03),,22103462,(p=6.90e-03),,27769097,(p=6.90e-03),
98,98,5605,MAP2K2,-,195,6,2.447e-07,22805291,(p=2.80e-03),,25722381,(p=3.00e-03),,22805292,(p=3.00e-03),,24011934,(p=4.60e-03),,16957420,(p=6.00e-03),,27636997,(p=9.30e-03),,NA,,NA,,NA,,NA,
99,99,2309,FOXO3,-,513,8,2.478e-07,23950211,(p=3.00e-03),,20808831,(p=3.30e-03),,26310353,(p=5.30e-03),,24194912,(p=7.00e-03),,20169663,(p=7.30e-03),,22971992,(p=7.80e-03),,27743201,(p=7.80e-03),,21092744,(p=9.30e-03),,NA,,NA,
100,100,3315,HSPB1,-,513,8,2.453e-07,27022067,(p=1.80e-03),,25740245,(p=4.10e-03),,27354589,(p=5.20e-03),,25331547,(p=6.80e-03),,19540014,(p=6.90e-03),,28182330,(p=7.40e-03),,26711786,(p=7.80e-03),,26872057,(p=8.00e-03),,NA,,NA,
101,101,2263,FGFR2,-,528,8,3.022e-07,25981814,(p=9.02e-04),,23060048,(p=3.00e-03),,27802183,(p=3.30e-03),,26983912,(p=4.00e-03),,27007053,(p=4.20e-03),,25271212,(p=7.60e-03),,25975224,(p=7.80e-03),,24711160,(p=9.70e-03),,NA,,NA,
102,102,54577,UGT1A7,-,99,5,3.233e-07,20860988,(p=5.07e-04),,19364970,(p=1.70e-03),,16636344,(p=2.70e-03),,15709193,(p=2.70e-03),,20628391,(p=3.10e-03),,NA,,NA,,NA,,NA,,NA,
103,103,2072,ERCC4,-,208,6,3.413e-07,24318989,(p=1.80e-03),,27542841,(p=1.80e-03),,21737503,(p=3.70e-03),,23982883,(p=4.10e-03),,19536092,(p=4.10e-03),,20372803,(p=9.30e-03),,NA,,NA,,NA,,NA,
104,104,6582,SLC22A2,-,101,5,3.506e-07,28714373,(p=5.07e-04),,20067471,(p=2.10e-03),,16951202,(p=2.40e-03),,27590272,(p=4.50e-03),,24427340,(p=4.50e-03),,NA,,NA,,NA,,NA,,NA,
105,105,10413,YAP1,-,554,8,4.179e-07,26575609,(p=1.00e-03),,26119935,(p=2.80e-03),,28376174,(p=3.00e-03),,24323901,(p=3.20e-03),,28376152,(p=4.50e-03),,27832783,(p=5.80e-03),,28684311,(p=9.30e-03),,27527859,(p=9.50e-03),,NA,,NA,
106,106,5315,PKM,-,378,7,5.007e-07,26234680,(p=3.00e-03),,25964202,(p=5.60e-03),,26385349,(p=6.40e-03),,25808097,(p=6.40e-03),,25233397,(p=7.40e-03),,28726775,(p=7.80e-03),,26339369,(p=8.20e-03),,NA,,NA,,NA,
107,107,4790,NFKB1,-,2819,16,5.086e-07,26942699,(p=3.00e-03),,20424169,(p=3.30e-03),,17761976,(p=4.20e-03),,18347181,(p=4.40e-03),,26522725,(p=5.40e-03),,15073126,(p=5.60e-03),,25028470,(p=5.70e-03),,22384099,(p=6.90e-03),,24300974,(p=7.60e-03),,20414006,(p=7.60e-03),
108,108,5604,MAP2K1,-,386,7,5.66e-07,22805291,(p=2.80e-03),,25722381,(p=3.00e-03),,22805292,(p=3.00e-03),,24011934,(p=4.60e-03),,25408231,(p=4.60e-03),,16957420,(p=6.00e-03),,27636997,(p=9.30e-03),,NA,,NA,,NA,
109,109,7076,TIMP1,-,581,8,5.759e-07,25608838,(p=5.03e-04),,28765154,(p=2.40e-03),,22544540,(p=2.70e-03),,17114213,(p=3.00e-03),,27509063,(p=3.30e-03),,20388222,(p=5.70e-03),,20459644,(p=6.80e-03),,16767366,(p=7.80e-03),,NA,,NA,
110,110,7424,VEGFC,-,400,7,7.061e-07,26124351,(p=2.10e-03),,23317352,(p=4.60e-03),,25936422,(p=5.20e-03),,26339369,(p=8.20e-03),,21330458,(p=8.40e-03),,16525637,(p=9.40e-03),,24585459,(p=9.50e-03),,NA,,NA,,NA,
111,111,5747,PTK2,-,828,9,7.204e-07,24848258,(p=4.30e-03),,25833835,(p=4.50e-03),,19823058,(p=5.20e-03),,28692661,(p=6.60e-03),,23845472,(p=6.90e-03),,26892465,(p=8.40e-03),,26962872,(p=8.70e-03),,25187396,(p=9.30e-03),,21800286,(p=9.90e-03),,NA,
112,112,6098,ROS1,-,119,5,7.419e-07,27136744,(p=2.90e-03),,27328934,(p=3.30e-03),,25667280,(p=8.30e-03),,23400546,(p=9.40e-03),,27056998,(p=9.90e-03),,NA,,NA,,NA,,NA,,NA,
113,113,79444,BIRC7,-,120,5,7.669e-07,27677286,(p=2.90e-03),,28440463,(p=3.10e-03),,24295240,(p=4.50e-03),,25695324,(p=7.80e-03),,23188704,(p=7.80e-03),,NA,,NA,,NA,,NA,,NA,
114,114,2073,ERCC5,-,243,6,7.72e-07,19536092,(p=4.10e-03),,27175691,(p=5.10e-03),,19157633,(p=5.20e-03),,18204222,(p=6.00e-03),,22213216,(p=7.80e-03),,20868484,(p=9.40e-03),,NA,,NA,,NA,,NA,
115,115,355,FAS,-,1113,10,9.067e-07,19266094,(p=1.80e-03),,23338968,(p=1.80e-03),,19219602,(p=2.70e-03),,18494554,(p=2.80e-03),,16364925,(p=2.90e-03),,16000573,(p=3.70e-03),,14977837,(p=4.30e-03),,22821704,(p=4.50e-03),,19298528,(p=5.50e-03),,22508480,(p=6.10e-03),
116,116,10018,BCL2L11,-,424,7,9.896e-07,27490929,(p=4.00e-03),,26001141,(p=4.30e-03),,26874859,(p=5.20e-03),,23358890,(p=7.10e-03),,26287412,(p=7.60e-03),,17927446,(p=7.80e-03),,22131152,(p=7.80e-03),,NA,,NA,,NA,
117,117,94025,MUC16,-,255,6,9.983e-07,27407100,(p=5.20e-03),,22066010,(p=5.50e-03),,23765208,(p=6.10e-03),,25190018,(p=7.30e-03),,26143638,(p=7.80e-03),,29463191,(p=8.30e-03),,NA,,NA,,NA,,NA,
118,118,3397,ID1,-,256,6,1.013e-06,23311395,(p=4.10e-03),,24599933,(p=6.60e-03),,23308043,(p=7.70e-03),,25344919,(p=8.00e-03),,20388787,(p=8.00e-03),,24133588,(p=9.10e-03),,NA,,NA,,NA,,NA,
119,119,4072,EPCAM,-,256,6,1.004e-06,26317650,(p=1.80e-03),,28574829,(p=3.30e-03),,26984381,(p=5.20e-03),,21399662,(p=5.80e-03),,22990361,(p=8.20e-03),,20606402,(p=9.50e-03),,NA,,NA,,NA,,NA,
120,120,3576,CXCL8,-,2021,13,1.011e-06,20631636,(p=1.00e-03),,26355232,(p=1.70e-03),,23247723,(p=5.60e-03),,22783581,(p=6.40e-03),,24145180,(p=6.70e-03),,23972657,(p=6.90e-03),,27821605,(p=6.90e-03),,26267317,(p=7.80e-03),,16098254,(p=8.00e-03),,20540789,(p=8.30e-03),
121,121,1548,CYP2A6,-,274,6,1.471e-06,20734048,(p=5.04e-04),,21326246,(p=5.07e-04),,26715117,(p=4.10e-03),,28811232,(p=4.50e-03),,20647221,(p=9.80e-03),,19604090,(p=9.80e-03),,NA,,NA,,NA,,NA,
122,122,11009,IL24,-,139,5,1.48e-06,21448421,(p=2.70e-03),,27197168,(p=5.30e-03),,15580305,(p=6.80e-03),,23982423,(p=9.60e-03),,19056673,(p=9.80e-03),,NA,,NA,,NA,,NA,,NA,
123,123,1029,CDKN2A,-,2118,13,1.612e-06,23034738,(p=6.00e-04),,26457030,(p=7.02e-04),,17388661,(p=3.30e-03),,26670666,(p=4.10e-03),,19536092,(p=4.10e-03),,24344027,(p=5.20e-03),,25541826,(p=6.60e-03),,19020940,(p=7.00e-03),,22739067,(p=7.30e-03),,21464733,(p=7.40e-03),
124,124,142,PARP1,-,942,9,1.849e-06,23410825,(p=2.10e-03),,20473728,(p=2.80e-03),,23275151,(p=4.10e-03),,19536092,(p=4.10e-03),,18347181,(p=4.40e-03),,25611238,(p=5.30e-03),,24085845,(p=6.60e-03),,24535158,(p=7.80e-03),,24847116,(p=9.80e-03),,NA,
125,125,1869,E2F1,-,703,8,2.079e-06,12065845,(p=2.90e-03),,27683111,(p=3.00e-03),,18172256,(p=4.00e-03),,26642705,(p=4.50e-03),,19841979,(p=5.80e-03),,25788226,(p=5.80e-03),,22871739,(p=7.80e-03),,26350215,(p=9.50e-03),,NA,,NA,
126,126,55959,SULF2,-,59,4,2.456e-06,24124496,(p=3.02e-04),,22158045,(p=5.50e-03),,27560551,(p=9.10e-03),,21599997,(p=9.50e-03),,NA,,NA,,NA,,NA,,NA,,NA,
127,127,2356,FPGS,-,62,4,2.982e-06,19841321,(p=1.60e-03),,21380490,(p=2.80e-03),,26676887,(p=4.50e-03),,22895141,(p=7.70e-03),,NA,,NA,,NA,,NA,,NA,,NA,
128,128,10057,ABCC5,-,62,4,2.959e-06,18690847,(p=2.10e-03),,20597995,(p=3.10e-03),,20922799,(p=7.80e-03),,28277541,(p=8.00e-03),,NA,,NA,,NA,,NA,,NA,,NA,
129,129,11200,CHEK2,-,513,7,3.162e-06,24657486,(p=1.80e-03),,19536092,(p=4.10e-03),,27838786,(p=5.20e-03),,18381943,(p=6.90e-03),,26054341,(p=7.60e-03),,17250914,(p=7.60e-03),,25958056,(p=9.10e-03),,NA,,NA,,NA,
130,130,1728,NQO1,-,520,7,3.434e-06,24912939,(p=5.20e-03),,24761924,(p=5.60e-03),,19671875,(p=6.00e-03),,18407955,(p=7.80e-03),,25880877,(p=7.80e-03),,19596483,(p=8.00e-03),,27196777,(p=8.70e-03),,NA,,NA,,NA,
131,131,440,ASNS,-,71,4,5.01e-06,27251594,(p=5.60e-03),,17409444,(p=6.40e-03),,23956056,(p=8.20e-03),,24913732,(p=9.60e-03),,NA,,NA,,NA,,NA,,NA,,NA,
132,132,4851,NOTCH1,-,1098,9,5.955e-06,26394830,(p=9.02e-04),,26670666,(p=4.10e-03),,23500524,(p=7.00e-03),,24423157,(p=7.20e-03),,25179844,(p=9.10e-03),,26744411,(p=9.50e-03),,23632994,(p=9.50e-03),,25914224,(p=9.80e-03),,20154720,(p=9.90e-03),,NA,
133,133,8836,GGH,-,75,4,6.161e-06,19841321,(p=1.60e-03),,19307503,(p=1.80e-03),,26676887,(p=4.50e-03),,18851872,(p=9.90e-03),,NA,,NA,,NA,,NA,,NA,,NA,
134,134,4609,MYC,-,1745,11,6.432e-06,19524285,(p=3.30e-03),,25748238,(p=4.60e-03),,25411027,(p=4.70e-03),,19134217,(p=5.70e-03),,27184134,(p=5.70e-03),,25741152,(p=6.60e-03),,27903272,(p=6.90e-03),,25689483,(p=7.60e-03),,28817737,(p=7.80e-03),,24053468,(p=7.80e-03),
135,135,10397,NDRG1,-,195,5,7.154e-06,27338835,(p=3.30e-03),,16920733,(p=5.70e-03),,15867226,(p=7.60e-03),,19259744,(p=8.20e-03),,12702552,(p=9.70e-03),,NA,,NA,,NA,,NA,,NA,
136,136,23326,USP22,-,81,4,8.219e-06,28166203,(p=4.20e-03),,26497847,(p=4.50e-03),,25369910,(p=7.60e-03),,21691749,(p=8.60e-03),,NA,,NA,,NA,,NA,,NA,,NA,
137,137,356,FASLG,-,620,7,1.034e-05,19266094,(p=1.80e-03),,19219602,(p=2.70e-03),,16364925,(p=2.90e-03),,16000573,(p=3.70e-03),,14977837,(p=4.30e-03),,22821704,(p=4.50e-03),,23177026,(p=5.40e-03),,NA,,NA,,NA,
138,138,56616,DIABLO,-,217,5,1.184e-05,23699656,(p=4.10e-03),,21676925,(p=4.50e-03),,20056675,(p=5.80e-03),,28424988,(p=6.10e-03),,20596678,(p=6.60e-03),,NA,,NA,,NA,,NA,,NA,
139,139,2321,FLT1,-,634,7,1.179e-05,26394830,(p=9.02e-04),,28220020,(p=1.80e-03),,26124351,(p=2.10e-03),,20026801,(p=2.80e-03),,24398900,(p=6.60e-03),,26783205,(p=7.60e-03),,10738243,(p=9.90e-03),,NA,,NA,,NA,
140,140,3320,HSP90AA1,-,908,8,1.206e-05,24682747,(p=9.01e-04),,24718854,(p=4.60e-03),,26271675,(p=5.20e-03),,23638161,(p=5.60e-03),,24085845,(p=6.60e-03),,22144665,(p=7.80e-03),,23874879,(p=8.40e-03),,19142186,(p=9.90e-03),,NA,,NA,
141,141,4089,SMAD4,-,641,7,1.248e-05,21709185,(p=2.01e-04),,28356064,(p=3.70e-03),,23360922,(p=5.20e-03),,25634752,(p=7.00e-03),,19328798,(p=7.40e-03),,25681512,(p=8.80e-03),,28348487,(p=9.40e-03),,NA,,NA,,NA,
142,142,6502,SKP2,-,415,6,1.388e-05,23328995,(p=1.70e-03),,18644126,(p=4.20e-03),,28346424,(p=4.40e-03),,22204716,(p=5.70e-03),,22158033,(p=7.60e-03),,24651440,(p=8.00e-03),,NA,,NA,,NA,,NA,
143,143,8877,SPHK1,-,228,5,1.455e-05,26493335,(p=2.20e-03),,25404266,(p=4.70e-03),,26311741,(p=6.40e-03),,18058224,(p=7.60e-03),,23426175,(p=9.50e-03),,NA,,NA,,NA,,NA,,NA,
144,144,5594,MAPK1,-,1938,11,1.545e-05,19729990,(p=3.00e-03),,21444628,(p=4.50e-03),,26310353,(p=5.30e-03),,28393232,(p=5.60e-03),,22696230,(p=5.60e-03),,25962735,(p=5.70e-03),,17526808,(p=6.40e-03),,16395709,(p=6.80e-03),,24300974,(p=7.60e-03),,28241849,(p=7.80e-03),
145,145,3880,KRT19,-,237,5,1.735e-05,23728094,(p=2.80e-03),,16324274,(p=5.70e-03),,25820415,(p=7.80e-03),,18705345,(p=8.20e-03),,22990361,(p=8.20e-03),,NA,,NA,,NA,,NA,,NA,
146,146,2212,FCGR2A,-,446,6,2.038e-05,18349392,(p=2.09e-04),,25011934,(p=6.00e-04),,24884501,(p=1.20e-03),,20047592,(p=2.50e-03),,20550522,(p=4.00e-03),,19164213,(p=4.00e-03),,NA,,NA,,NA,,NA,
147,147,5058,PAK1,-,446,6,2.024e-05,26774265,(p=5.80e-03),,17621631,(p=6.00e-03),,27260988,(p=8.30e-03),,15161701,(p=8.70e-03),,27117533,(p=9.20e-03),,25412958,(p=9.30e-03),,NA,,NA,,NA,,NA,
148,148,5595,MAPK3,-,1306,9,2.082e-05,20726858,(p=1.70e-03),,19729990,(p=3.00e-03),,24239461,(p=3.70e-03),,21444628,(p=4.50e-03),,22696230,(p=5.60e-03),,25962735,(p=5.70e-03),,17526808,(p=6.40e-03),,20126471,(p=7.80e-03),,26810068,(p=8.30e-03),,NA,
149,149,1191,CLU,-,465,6,2.532e-05,15809754,(p=2.20e-03),,19879423,(p=3.00e-03),,23279642,(p=5.20e-03),,28428074,(p=7.30e-03),,18714397,(p=7.70e-03),,19177010,(p=8.60e-03),,NA,,NA,,NA,,NA,
150,150,4437,MSH3,-,114,4,2.934e-05,23724141,(p=1.80e-03),,19536092,(p=4.10e-03),,21285347,(p=6.00e-03),,25966119,(p=7.10e-03),,NA,,NA,,NA,,NA,,NA,,NA,
151,151,367,AR,-,2103,11,3.043e-05,27979426,(p=5.70e-03),,23661607,(p=6.60e-03),,27683182,(p=6.70e-03),,27148695,(p=7.80e-03),,21528410,(p=8.00e-03),,26044568,(p=8.00e-03),,26890396,(p=8.00e-03),,26181238,(p=8.20e-03),,28512248,(p=8.40e-03),,23929266,(p=9.30e-03),
152,152,10551,AGR2,-,117,4,3.212e-05,23648065,(p=7.01e-04),,22752467,(p=3.80e-03),,20525379,(p=7.80e-03),,25367337,(p=9.00e-03),,NA,,NA,,NA,,NA,,NA,,NA,
153,153,2194,FASN,-,272,5,3.217e-05,28339092,(p=3.30e-03),,18211286,(p=4.60e-03),,24362464,(p=4.70e-03),,26107737,(p=8.00e-03),,23208675,(p=9.60e-03),,NA,,NA,,NA,,NA,,NA,
154,154,6678,SPARC,-,279,5,3.616e-05,28304139,(p=2.10e-03),,24309322,(p=4.20e-03),,26169969,(p=5.30e-03),,22491017,(p=6.80e-03),,20565704,(p=8.20e-03),,NA,,NA,,NA,,NA,,NA,
155,155,1045,CDX2,-,284,5,3.916e-05,27060927,(p=2.20e-03),,27726953,(p=3.00e-03),,20514449,(p=7.00e-03),,23864778,(p=7.60e-03),,26789870,(p=7.60e-03),,NA,,NA,,NA,,NA,,NA,
156,156,1021,CDK6,-,286,5,4.026e-05,25524798,(p=9.02e-04),,25876993,(p=5.20e-03),,25703099,(p=6.10e-03),,27542767,(p=7.80e-03),,27252418,(p=8.70e-03),,NA,,NA,,NA,,NA,,NA,
157,157,9518,GDF15,-,290,5,4.279e-05,24669014,(p=1.70e-03),,22384099,(p=6.90e-03),,17908975,(p=8.00e-03),,24383865,(p=9.30e-03),,26781874,(p=9.40e-03),,NA,,NA,,NA,,NA,,NA,
158,158,91607,SLFN11,-,34,3,4.368e-05,22927417,(p=3.70e-03),,26625211,(p=5.60e-03),,26525741,(p=9.20e-03),,NA,,NA,,NA,,NA,,NA,,NA,,NA,
159,159,5925,RB1,-,1124,8,4.864e-05,18976938,(p=4.70e-03),,17160137,(p=5.50e-03),,27148695,(p=7.80e-03),,19556322,(p=7.80e-03),,19903334,(p=8.20e-03),,18381962,(p=8.30e-03),,24336157,(p=8.40e-03),,23949216,(p=9.80e-03),,NA,,NA,
160,160,10232,MSLN,-,134,4,5.236e-05,22792233,(p=3.60e-03),,22721387,(p=4.00e-03),,16467095,(p=5.40e-03),,21880146,(p=5.70e-03),,NA,,NA,,NA,,NA,,NA,,NA,
161,161,7272,TTK,-,136,4,5.518e-05,17388661,(p=3.30e-03),,19459850,(p=4.10e-03),,26398286,(p=7.60e-03),,24282275,(p=8.70e-03),,NA,,NA,,NA,,NA,,NA,,NA,
162,162,1499,CTNNB1,-,2298,11,6.144e-05,25862567,(p=5.05e-04),,28498607,(p=5.50e-03),,24629143,(p=5.70e-03),,26499380,(p=7.40e-03),,19328798,(p=7.40e-03),,23717499,(p=7.60e-03),,21993766,(p=7.80e-03),,27472396,(p=7.80e-03),,22460269,(p=8.20e-03),,27481517,(p=9.20e-03),
163,163,3685,ITGAV,-,557,6,6.427e-05,25849225,(p=5.30e-03),,23992637,(p=6.90e-03),,19549907,(p=6.90e-03),,23845472,(p=6.90e-03),,27108184,(p=7.20e-03),,22094875,(p=9.60e-03),,NA,,NA,,NA,,NA,
164,164,25816,TNFAIP8,-,40,3,6.928e-05,24590269,(p=7.70e-03),,23299407,(p=9.90e-03),,23280553,(p=9.90e-03),,NA,,NA,,NA,,NA,,NA,,NA,,NA,
165,165,8795,TNFRSF10B,-,324,5,6.959e-05,19219602,(p=2.70e-03),,19424623,(p=5.60e-03),,23053497,(p=5.60e-03),,26942880,(p=6.30e-03),,17922852,(p=9.60e-03),,NA,,NA,,NA,,NA,,NA,
166,166,10406,WFDC2,-,147,4,7.285e-05,27862665,(p=6.80e-03),,25190018,(p=7.30e-03),,29463191,(p=8.30e-03),,27184254,(p=9.00e-03),,NA,,NA,,NA,,NA,,NA,,NA,
167,167,5888,RAD51,-,578,6,7.722e-05,22634097,(p=2.50e-03),,16596227,(p=3.10e-03),,26752698,(p=3.70e-03),,19536092,(p=4.10e-03),,26676960,(p=5.50e-03),,24085845,(p=6.60e-03),,NA,,NA,,NA,,NA,
168,168,5054,SERPINE1,-,1245,8,9.409e-05,20039121,(p=4.20e-03),,14983219,(p=5.20e-03),,14983227,(p=5.70e-03),,14744782,(p=6.40e-03),,21459526,(p=7.90e-03),,20737565,(p=8.00e-03),,27197170,(p=9.40e-03),,16945123,(p=9.50e-03),,NA,,NA,
169,169,112939,NACC1,-,47,3,0.00011,18483383,(p=4.10e-03),,20869761,(p=6.90e-03),,21743489,(p=7.80e-03),,NA,,NA,,NA,,NA,,NA,,NA,,NA,
170,170,1977,EIF4E,-,360,5,0.0001121,27588477,(p=3.00e-03),,19261348,(p=3.70e-03),,25342548,(p=5.70e-03),,22797067,(p=7.60e-03),,19020722,(p=9.20e-03),,NA,,NA,,NA,,NA,,NA,
171,171,374,AREG,-,165,4,0.0001117,20726858,(p=1.70e-03),,25862847,(p=4.60e-03),,26884344,(p=5.60e-03),,23285165,(p=9.10e-03),,NA,,NA,,NA,,NA,,NA,,NA,
172,172,10257,ABCC4,-,166,4,0.0001137,18690847,(p=2.10e-03),,24024181,(p=3.60e-03),,25586538,(p=4.50e-03),,20922799,(p=7.80e-03),,NA,,NA,,NA,,NA,,NA,,NA,
173,173,3815,KIT,-,935,7,0.0001138,27371698,(p=4.40e-03),,22797058,(p=4.70e-03),,25202099,(p=7.40e-03),,28007774,(p=7.50e-03),,21993766,(p=7.80e-03),,19307738,(p=7.80e-03),,27292026,(p=9.40e-03),,NA,,NA,,NA,
174,174,6573,SLC19A1,-,168,4,0.0001178,19841321,(p=1.60e-03),,26193446,(p=4.20e-03),,21760912,(p=5.70e-03),,20647221,(p=9.80e-03),,NA,,NA,,NA,,NA,,NA,,NA,
175,175,54600,UGT1A9,-,168,4,0.0001171,19364970,(p=1.70e-03),,16636344,(p=2.70e-03),,15709193,(p=2.70e-03),,20628391,(p=3.10e-03),,NA,,NA,,NA,,NA,,NA,,NA,
176,176,8277,TKTL1,-,51,3,0.0001354,21854597,(p=1.60e-03),,24304513,(p=7.80e-03),,21980427,(p=8.00e-03),,NA,,NA,,NA,,NA,,NA,,NA,,NA,
177,177,694,BTG1,-,52,3,0.0001428,26050197,(p=7.80e-03),,24272202,(p=8.20e-03),,24985971,(p=8.40e-03),,NA,,NA,,NA,,NA,,NA,,NA,,NA,
178,178,1950,EGF,-,666,6,0.0001596,18349392,(p=2.09e-04),,20631636,(p=1.00e-03),,20418097,(p=3.30e-03),,24370903,(p=6.60e-03),,19179548,(p=9.30e-03),,21247755,(p=9.40e-03),,NA,,NA,,NA,,NA,
179,179,999,CDH1,-,1749,9,0.0001587,25862567,(p=5.05e-04),,22126395,(p=2.80e-03),,26045824,(p=4.00e-03),,19584296,(p=6.60e-03),,15609307,(p=7.40e-03),,20563657,(p=7.80e-03),,21119364,(p=7.80e-03),,26493999,(p=7.80e-03),,26758745,(p=9.00e-03),,NA,
180,180,3852,KRT5,-,188,4,0.0001773,17388661,(p=3.30e-03),,28648939,(p=7.80e-03),,28147318,(p=9.20e-03),,19366057,(p=9.50e-03),,NA,,NA,,NA,,NA,,NA,,NA,
181,181,3569,IL6,-,4030,14,0.0001778,26839145,(p=1.70e-03),,14633738,(p=2.90e-03),,20465852,(p=3.40e-03),,26001328,(p=5.20e-03),,21343371,(p=5.20e-03),,16820919,(p=5.30e-03),,29101033,(p=6.60e-03),,16773437,(p=6.60e-03),,25625841,(p=6.60e-03),,27821605,(p=6.90e-03),
182,182,898,CCNE1,-,404,5,0.0001817,25310086,(p=7.40e-03),,21464733,(p=7.40e-03),,14719078,(p=7.70e-03),,20336784,(p=8.40e-03),,27527859,(p=9.50e-03),,NA,,NA,,NA,,NA,,NA,
183,183,1119,CHKA,-,58,3,0.0001923,26769123,(p=1.80e-03),,23762272,(p=3.00e-03),,27556502,(p=8.70e-03),,NA,,NA,,NA,,NA,,NA,,NA,,NA,
184,184,4316,MMP7,-,411,5,0.0001951,19266094,(p=1.80e-03),,25321193,(p=2.80e-03),,18823373,(p=5.80e-03),,19643940,(p=6.00e-03),,24469951,(p=6.70e-03),,NA,,NA,,NA,,NA,,NA,
185,185,2264,FGFR4,-,201,4,0.0002243,27857023,(p=2.04e-04),,24503538,(p=1.40e-03),,16822847,(p=4.60e-03),,11830541,(p=7.20e-03),,NA,,NA,,NA,,NA,,NA,,NA,
186,186,4582,MUC1,-,715,6,0.0002261,26892612,(p=1.70e-03),,22792233,(p=3.60e-03),,21069322,(p=4.50e-03),,27630326,(p=5.70e-03),,16670941,(p=7.60e-03),,16857798,(p=9.20e-03),,NA,,NA,,NA,,NA,
187,187,1558,CYP2C8,-,202,4,0.0002263,27736846,(p=2.70e-03),,22527101,(p=2.80e-03),,19470925,(p=3.70e-03),,17925548,(p=4.20e-03),,NA,,NA,,NA,,NA,,NA,,NA,
188,188,2938,GSTA1,-,203,4,0.0002294,20216541,(p=2.12e-04),,19786980,(p=1.00e-03),,24215845,(p=4.10e-03),,21169260,(p=5.40e-03),,NA,,NA,,NA,,NA,,NA,,NA,
189,189,8824,CES2,-,63,3,0.0002392,26025324,(p=5.20e-03),,18473752,(p=6.60e-03),,17483951,(p=6.90e-03),,NA,,NA,,NA,,NA,,NA,,NA,,NA,
190,190,51162,EGFL7,-,63,3,0.0002379,28275117,(p=2.03e-04),,25140000,(p=1.60e-03),,23922111,(p=4.10e-03),,NA,,NA,,NA,,NA,,NA,,NA,,NA,
191,191,5423,POLB,-,210,4,0.0002579,25561897,(p=1.60e-03),,19330779,(p=1.80e-03),,19536092,(p=4.10e-03),,26334617,(p=8.70e-03),,NA,,NA,,NA,,NA,,NA,,NA,
192,192,10550,ARL6IP5,-,65,3,0.0002587,22452940,(p=1.00e-03),,25476899,(p=5.30e-03),,23285001,(p=7.10e-03),,NA,,NA,,NA,,NA,,NA,,NA,,NA,
193,193,5037,PEBP1,-,212,4,0.0002649,23254962,(p=1.60e-03),,16243812,(p=9.00e-03),,22460832,(p=9.30e-03),,25764514,(p=9.50e-03),,NA,,NA,,NA,,NA,,NA,,NA,
194,194,23650,TRIM29,-,66,3,0.0002682,28098872,(p=2.80e-03),,24078150,(p=7.40e-03),,24864129,(p=9.30e-03),,NA,,NA,,NA,,NA,,NA,,NA,,NA,
195,195,2810,SFN,-,213,4,0.0002671,21040574,(p=3.10e-03),,17388661,(p=3.30e-03),,20108042,(p=7.80e-03),,20487521,(p=9.10e-03),,NA,,NA,,NA,,NA,,NA,,NA,
196,196,2057,EPOR,-,220,4,0.0003015,17922127,(p=1.80e-03),,24155958,(p=3.70e-03),,22639817,(p=6.60e-03),,21860424,(p=7.50e-03),,NA,,NA,,NA,,NA,,NA,,NA,
197,197,92140,MTDH,-,225,4,0.0003274,11823860,(p=3.70e-03),,22372608,(p=3.90e-03),,26710214,(p=5.90e-03),,21495225,(p=9.80e-03),,NA,,NA,,NA,,NA,,NA,,NA,
198,198,27250,PDCD4,-,227,4,0.0003373,20735432,(p=2.70e-03),,24865582,(p=5.50e-03),,26026468,(p=8.20e-03),,25928036,(p=8.20e-03),,NA,,NA,,NA,,NA,,NA,,NA,
199,199,64083,GOLPH3,-,73,3,0.0003541,24444035,(p=6.90e-03),,24595000,(p=9.10e-03),,24458516,(p=9.40e-03),,NA,,NA,,NA,,NA,,NA,,NA,,NA,
200,200,6657,SOX2,-,477,5,0.0003637,23349823,(p=4.10e-03),,28259951,(p=4.20e-03),,25456004,(p=5.70e-03),,25722113,(p=8.00e-03),,26969300,(p=9.90e-03),,NA,,NA,,NA,,NA,,NA,
201,201,7320,UBE2B,-,76,3,0.0003958,28490629,(p=4.20e-03),,26679603,(p=7.70e-03),,28806395,(p=7.70e-03),,NA,,NA,,NA,,NA,,NA,,NA,,NA,
202,202,4085,MAD2L1,-,238,4,0.0003976,22069160,(p=4.50e-03),,18691855,(p=5.20e-03),,21751967,(p=8.30e-03),,24792619,(p=8.40e-03),,NA,,NA,,NA,,NA,,NA,,NA,
203,203,682,BSG,-,490,5,0.0004067,25263481,(p=2.10e-03),,25862460,(p=2.80e-03),,18223224,(p=5.40e-03),,21789540,(p=7.70e-03),,20213083,(p=7.80e-03),,NA,,NA,,NA,,NA,,NA,
204,204,339488,TFAP2E,-,9,2,0.0004119,22216841,(p=1.60e-03),,25810491,(p=6.90e-03),,NA,,NA,,NA,,NA,,NA,,NA,,NA,,NA,
205,205,3717,JAK2,-,1189,7,0.0004248,26682870,(p=2.30e-03),,28112370,(p=2.70e-03),,24886434,(p=3.10e-03),,24402583,(p=4.20e-03),,26360705,(p=5.60e-03),,18829483,(p=6.80e-03),,28639892,(p=9.40e-03),,NA,,NA,,NA,
206,206,3479,IGF1,-,1620,8,0.0004603,27144430,(p=1.20e-03),,20935157,(p=3.00e-03),,24273235,(p=3.30e-03),,28258988,(p=4.50e-03),,24026884,(p=5.80e-03),,16935391,(p=6.10e-03),,25824321,(p=8.00e-03),,19891769,(p=9.90e-03),,NA,,NA,
207,207,5965,RECQL,-,81,3,0.0004654,25424877,(p=3.00e-03),,19536092,(p=4.10e-03),,16520463,(p=5.80e-03),,NA,,NA,,NA,,NA,,NA,,NA,,NA,
208,208,9201,DCLK1,-,82,3,0.0004806,27694285,(p=6.90e-03),,28351564,(p=9.30e-03),,24626093,(p=9.80e-03),,NA,,NA,,NA,,NA,,NA,,NA,,NA,
209,209,8682,PEA15,-,84,3,0.0005141,27669502,(p=3.30e-03),,22144664,(p=5.30e-03),,23481023,(p=8.20e-03),,NA,,NA,,NA,,NA,,NA,,NA,,NA,
210,210,857,CAV1,-,854,6,0.0005284,26123189,(p=2.12e-04),,22370641,(p=4.10e-03),,19411448,(p=6.60e-03),,28365694,(p=7.40e-03),,24609521,(p=8.70e-03),,22057638,(p=8.80e-03),,NA,,NA,,NA,,NA,
211,211,5328,PLAU,-,526,5,0.0005459,20039121,(p=4.20e-03),,14983219,(p=5.20e-03),,14983227,(p=5.70e-03),,14744782,(p=6.40e-03),,26033187,(p=6.90e-03),,NA,,NA,,NA,,NA,,NA,
212,212,3549,IHH,-,86,3,0.0005439,22486854,(p=3.30e-03),,24344235,(p=6.90e-03),,28574612,(p=9.30e-03),,NA,,NA,,NA,,NA,,NA,,NA,,NA,
213,213,7158,TP53BP1,-,263,4,0.000556,26637364,(p=2.70e-03),,19536092,(p=4.10e-03),,27838786,(p=5.20e-03),,29274141,(p=7.80e-03),,NA,,NA,,NA,,NA,,NA,,NA,
214,214,8829,NRP1,-,263,4,0.0005534,20631636,(p=1.00e-03),,25889301,(p=2.20e-03),,28938007,(p=7.80e-03),,15956974,(p=8.70e-03),,NA,,NA,,NA,,NA,,NA,,NA,
215,215,6714,SRC,-,1255,7,0.0005622,21737505,(p=2.70e-03),,27195913,(p=4.60e-03),,21618517,(p=5.20e-03),,27108184,(p=7.20e-03),,21646863,(p=7.80e-03),,17620427,(p=8.00e-03),,24407236,(p=8.00e-03),,NA,,NA,,NA,
216,216,4602,MYB,-,268,4,0.0005898,27107996,(p=9.01e-04),,22764095,(p=5.70e-03),,27566443,(p=5.70e-03),,24847116,(p=9.80e-03),,NA,,NA,,NA,,NA,,NA,,NA,
217,217,174,AFP,-,270,4,0.0006042,25456363,(p=2.07e-04),,21083802,(p=4.50e-03),,19343004,(p=4.60e-03),,26976278,(p=7.60e-03),,NA,,NA,,NA,,NA,,NA,,NA,
218,218,51720,UIMC1,-,90,3,0.000606,19415121,(p=9.02e-04),,25164908,(p=3.30e-03),,24085845,(p=6.60e-03),,NA,,NA,,NA,,NA,,NA,,NA,,NA,
219,219,328,APEX1,-,542,5,0.0006052,25107571,(p=2.80e-03),,19324449,(p=3.30e-03),,19536092,(p=4.10e-03),,23781133,(p=9.40e-03),,17197435,(p=9.90e-03),,NA,,NA,,NA,,NA,,NA,
220,220,6696,SPP1,-,883,6,0.0006041,25862567,(p=5.05e-04),,26491674,(p=2.50e-03),,23992637,(p=6.90e-03),,24440093,(p=8.00e-03),,12650611,(p=9.10e-03),,19763701,(p=9.60e-03),,NA,,NA,,NA,,NA,
221,221,55743,CHFR,-,91,3,0.0006179,24748501,(p=1.20e-03),,23386692,(p=6.10e-03),,23873170,(p=7.50e-03),,NA,,NA,,NA,,NA,,NA,,NA,,NA,
222,222,8714,ABCC3,-,94,3,0.0006778,28356150,(p=6.00e-04),,19107936,(p=4.20e-03),,20922799,(p=7.80e-03),,NA,,NA,,NA,,NA,,NA,,NA,,NA,
223,223,7124,TNF,-,5360,15,0.0007385,14633738,(p=2.90e-03),,24151445,(p=3.40e-03),,27832973,(p=4.30e-03),,26001328,(p=5.20e-03),,16820919,(p=5.30e-03),,19665818,(p=5.30e-03),,26522725,(p=5.40e-03),,27170003,(p=5.80e-03),,18676776,(p=6.60e-03),,20599393,(p=8.40e-03),
224,224,5653,KLK6,-,97,3,0.000738,24430362,(p=7.20e-03),,18957059,(p=7.70e-03),,22699826,(p=8.00e-03),,NA,,NA,,NA,,NA,,NA,,NA,,NA,
225,225,9817,KEAP1,-,291,4,0.0007787,25739673,(p=5.20e-03),,23045278,(p=5.60e-03),,20534738,(p=6.90e-03),,23075683,(p=7.70e-03),,NA,,NA,,NA,,NA,,NA,,NA,
226,226,445,ASS1,-,99,3,0.0007774,27584578,(p=1.20e-03),,19533750,(p=4.70e-03),,28187218,(p=8.20e-03),,NA,,NA,,NA,,NA,,NA,,NA,,NA,
227,227,3872,KRT17,-,99,3,0.000774,17388661,(p=3.30e-03),,22695933,(p=8.00e-03),,19366057,(p=9.50e-03),,NA,,NA,,NA,,NA,,NA,,NA,,NA,
228,228,3934,LCN2,-,577,5,0.0007784,17554627,(p=7.00e-03),,23056218,(p=7.10e-03),,23056397,(p=7.80e-03),,26573874,(p=7.80e-03),,22559235,(p=8.00e-03),,NA,,NA,,NA,,NA,,NA,
229,229,4830,NME1,-,292,4,0.0007752,12474051,(p=6.00e-03),,12883690,(p=8.00e-03),,12174914,(p=8.30e-03),,25277180,(p=9.00e-03),,NA,,NA,,NA,,NA,,NA,,NA,
230,230,3838,KPNA2,-,299,4,0.0008458,18561322,(p=5.50e-03),,24930886,(p=5.70e-03),,23749771,(p=6.80e-03),,21286940,(p=9.60e-03),,NA,,NA,,NA,,NA,,NA,,NA,
231,231,6623,SNCG,-,105,3,0.0009066,23696021,(p=2.10e-03),,17534899,(p=4.60e-03),,25142230,(p=9.10e-03),,NA,,NA,,NA,,NA,,NA,,NA,,NA,
232,232,7150,TOP1,-,305,4,0.0009052,26676887,(p=4.50e-03),,24362462,(p=5.80e-03),,22171973,(p=6.10e-03),,26959889,(p=9.60e-03),,NA,,NA,,NA,,NA,,NA,,NA,
233,233,6662,SOX9,-,320,4,0.001085,28356064,(p=3.70e-03),,23900217,(p=7.20e-03),,21321311,(p=7.40e-03),,22714060,(p=9.00e-03),,NA,,NA,,NA,,NA,,NA,,NA,
234,234,2272,FHIT,-,322,4,0.001106,18690840,(p=2.80e-03),,14566838,(p=7.80e-03),,24185125,(p=8.00e-03),,15328196,(p=8.70e-03),,NA,,NA,,NA,,NA,,NA,,NA,
235,235,29127,RACGAP1,-,116,3,0.001199,23096218,(p=2.50e-03),,27121792,(p=3.30e-03),,25568185,(p=9.50e-03),,NA,,NA,,NA,,NA,,NA,,NA,,NA,
236,236,8202,NCOA3,-,330,4,0.001205,23652306,(p=2.70e-03),,17636398,(p=7.70e-03),,23322234,(p=7.80e-03),,19628566,(p=9.30e-03),,NA,,NA,,NA,,NA,,NA,,NA,
237,237,6935,ZEB1,-,335,4,0.001271,25890268,(p=6.40e-03),,19584296,(p=6.60e-03),,18487993,(p=7.80e-03),,24929761,(p=9.90e-03),,NA,,NA,,NA,,NA,,NA,,NA,
238,238,9961,MVP,-,120,3,0.001309,12576456,(p=3.70e-03),,23525731,(p=5.30e-03),,19080004,(p=7.60e-03),,NA,,NA,,NA,,NA,,NA,,NA,,NA,
239,239,8837,CFLAR,-,344,4,0.001395,16247474,(p=3.10e-03),,27607580,(p=3.70e-03),,20876774,(p=5.60e-03),,22027693,(p=6.10e-03),,NA,,NA,,NA,,NA,,NA,,NA,
240,240,6580,SLC22A1,-,125,3,0.001466,28714373,(p=5.07e-04),,25753371,(p=9.50e-03),,22202118,(p=9.60e-03),,NA,,NA,,NA,,NA,,NA,,NA,,NA,
241,241,165324,UBXN2A,-,18,2,0.001477,26188124,(p=5.20e-03),,26634371,(p=9.30e-03),,NA,,NA,,NA,,NA,,NA,,NA,,NA,,NA,
242,242,4436,MSH2,-,701,5,0.001802,18949393,(p=9.01e-04),,19536092,(p=4.10e-03),,24185125,(p=8.00e-03),,20458443,(p=8.70e-03),,22164234,(p=9.80e-03),,NA,,NA,,NA,,NA,,NA,
243,243,3265,HRAS,-,704,5,0.00183,22909976,(p=1.00e-03),,18676755,(p=1.60e-03),,20848283,(p=4.50e-03),,22696230,(p=5.60e-03),,22712795,(p=7.80e-03),,NA,,NA,,NA,,NA,,NA,
244,244,10395,DLC1,-,136,3,0.001852,26239822,(p=3.10e-03),,20198346,(p=6.60e-03),,26986853,(p=7.40e-03),,NA,,NA,,NA,,NA,,NA,,NA,,NA,
245,245,2932,GSK3B,-,1118,6,0.001903,23729362,(p=2.20e-03),,26942699,(p=3.00e-03),,24239461,(p=3.70e-03),,22534782,(p=5.40e-03),,23845472,(p=6.90e-03),,27481517,(p=9.20e-03),,NA,,NA,,NA,,NA,
246,246,2247,FGF2,-,717,5,0.001965,27007053,(p=4.20e-03),,23861152,(p=6.40e-03),,24370903,(p=6.60e-03),,27362808,(p=6.90e-03),,26141457,(p=7.70e-03),,NA,,NA,,NA,,NA,,NA,
247,247,4548,MTR,-,385,4,0.002076,19332728,(p=3.02e-04),,19074750,(p=1.00e-03),,16333305,(p=7.80e-03),,20647221,(p=9.80e-03),,NA,,NA,,NA,,NA,,NA,,NA,
248,248,4313,MMP2,-,1608,7,0.002118,22072145,(p=1.00e-03),,19445018,(p=4.10e-03),,19643940,(p=6.00e-03),,28365695,(p=6.40e-03),,25975224,(p=7.80e-03),,28443475,(p=7.80e-03),,27081042,(p=8.00e-03),,NA,,NA,,NA,
249,249,23405,DICER1,-,388,4,0.002122,26631032,(p=6.40e-03),,19082437,(p=7.80e-03),,23266047,(p=8.70e-03),,22821364,(p=9.90e-03),,NA,,NA,,NA,,NA,,NA,,NA,
250,250,1635,DCTD,-,22,2,0.002147,20665488,(p=4.60e-03),,20028759,(p=5.50e-03),,NA,,NA,,NA,,NA,,NA,,NA,,NA,,NA,
251,251,29102,DROSHA,-,147,3,0.002265,20585341,(p=2.80e-03),,26522361,(p=8.20e-03),,23266047,(p=8.70e-03),,NA,,NA,,NA,,NA,,NA,,NA,,NA,
252,252,94,ACVRL1,-,148,3,0.002303,25466244,(p=5.70e-03),,26655846,(p=5.70e-03),,23447486,(p=9.20e-03),,NA,,NA,,NA,,NA,,NA,,NA,,NA,
253,253,3832,KIF11,-,152,3,0.002481,26304237,(p=4.50e-03),,19545421,(p=6.60e-03),,26658059,(p=9.30e-03),,NA,,NA,,NA,,NA,,NA,,NA,,NA,
254,254,538,ATP7A,-,153,3,0.00252,27806319,(p=4.20e-03),,18030470,(p=5.20e-03),,22304828,(p=6.90e-03),,NA,,NA,,NA,,NA,,NA,,NA,,NA,
255,255,6615,SNAI1,-,416,4,0.002699,23807662,(p=5.20e-03),,18089802,(p=6.70e-03),,20514449,(p=7.00e-03),,20947514,(p=9.10e-03),,NA,,NA,,NA,,NA,,NA,,NA,
256,256,79623,GALNT14,-,25,2,0.00272,23959947,(p=2.70e-03),,27124048,(p=3.00e-03),,NA,,NA,,NA,,NA,,NA,,NA,,NA,,NA,
257,257,2547,XRCC6,-,419,4,0.002752,18546291,(p=4.20e-03),,21042724,(p=5.30e-03),,25046228,(p=5.70e-03),,19177010,(p=8.60e-03),,NA,,NA,,NA,,NA,,NA,,NA,
258,258,50943,FOXP3,-,807,5,0.003207,27189164,(p=6.40e-03),,20087581,(p=6.90e-03),,26341640,(p=8.40e-03),,19577568,(p=9.30e-03),,22431701,(p=9.40e-03),,NA,,NA,,NA,,NA,,NA,
259,259,1432,MAPK14,-,1249,6,0.003203,27107996,(p=9.01e-04),,22696230,(p=5.60e-03),,20169663,(p=7.30e-03),,19885551,(p=8.40e-03),,24228091,(p=9.00e-03),,21858220,(p=9.90e-03),,NA,,NA,,NA,,NA,
260,260,4929,NR4A2,-,173,3,0.003536,23809767,(p=5.02e-04),,23821160,(p=4.20e-03),,23517088,(p=5.20e-03),,NA,,NA,,NA,,NA,,NA,,NA,,NA,
261,261,2778,GNAS,-,457,4,0.003762,27154293,(p=7.02e-04),,19029852,(p=7.80e-03),,16467086,(p=8.00e-03),,18347176,(p=9.90e-03),,NA,,NA,,NA,,NA,,NA,,NA,
262,262,545,ATR,-,458,4,0.003779,28440428,(p=2.80e-03),,19372558,(p=3.70e-03),,18381943,(p=6.90e-03),,26657501,(p=7.80e-03),,NA,,NA,,NA,,NA,,NA,,NA,
263,263,9531,BAG3,-,185,3,0.004257,22944597,(p=8.00e-03),,25149536,(p=8.20e-03),,27120977,(p=9.50e-03),,NA,,NA,,NA,,NA,,NA,,NA,,NA,
264,264,84632,AFAP1L2,-,32,2,0.004351,22927913,(p=1.00e-03),,26191231,(p=1.60e-03),,NA,,NA,,NA,,NA,,NA,,NA,,NA,,NA,
265,265,27113,BBC3,-,189,3,0.004498,21863213,(p=3.30e-03),,17388661,(p=3.30e-03),,27924057,(p=9.20e-03),,NA,,NA,,NA,,NA,,NA,,NA,,NA,
266,266,1440,CSF3,-,190,3,0.004551,26666576,(p=5.30e-03),,20680910,(p=6.50e-03),,22336152,(p=9.80e-03),,NA,,NA,,NA,,NA,,NA,,NA,,NA,
267,267,3577,CXCR1,-,198,3,0.005116,26847910,(p=7.40e-03),,26267317,(p=7.80e-03),,16098254,(p=8.00e-03),,NA,,NA,,NA,,NA,,NA,,NA,,NA,
268,268,8289,ARID1A,-,198,3,0.005097,22101352,(p=6.00e-03),,27520487,(p=6.80e-03),,26572704,(p=8.50e-03),,NA,,NA,,NA,,NA,,NA,,NA,,NA,
269,269,2260,FGFR1,-,503,4,0.005234,27315356,(p=1.60e-03),,25188816,(p=7.70e-03),,22499828,(p=8.00e-03),,25819384,(p=9.60e-03),,NA,,NA,,NA,,NA,,NA,,NA,
270,270,51727,CMPK1,-,36,2,0.005397,19568409,(p=4.50e-03),,22838950,(p=9.60e-03),,NA,,NA,,NA,,NA,,NA,,NA,,NA,,NA,
271,271,10721,POLQ,-,37,2,0.005682,27533083,(p=9.10e-03),,16603639,(p=9.30e-03),,NA,,NA,,NA,,NA,,NA,,NA,,NA,,NA,
272,272,4137,MAPT,-,1414,6,0.00575,18668363,(p=2.10e-03),,25725586,(p=2.70e-03),,19667268,(p=2.80e-03),,17925548,(p=4.20e-03),,23631819,(p=5.80e-03),,20085902,(p=8.00e-03),,NA,,NA,,NA,,NA,
273,273,467,ATF3,-,208,3,0.005779,27196751,(p=4.50e-03),,28239957,(p=7.50e-03),,27659012,(p=7.50e-03),,NA,,NA,,NA,,NA,,NA,,NA,,NA,
274,274,840,CASP7,-,208,3,0.005758,19219602,(p=2.70e-03),,19996278,(p=6.00e-03),,24407236,(p=8.00e-03),,NA,,NA,,NA,,NA,,NA,,NA,,NA,
275,275,3177,SLC29A2,-,38,2,0.005909,21822668,(p=4.50e-03),,28218790,(p=9.30e-03),,NA,,NA,,NA,,NA,,NA,,NA,,NA,,NA,
276,276,5460,POU5F1,-,523,4,0.005902,23349823,(p=4.10e-03),,27244887,(p=5.20e-03),,18612434,(p=7.70e-03),,26260289,(p=8.00e-03),,NA,,NA,,NA,,NA,,NA,,NA,
277,277,1786,DNMT1,-,524,4,0.005923,21458988,(p=3.00e-03),,23254386,(p=3.90e-03),,27177222,(p=5.20e-03),,26980709,(p=9.30e-03),,NA,,NA,,NA,,NA,,NA,,NA,
278,278,634,CEACAM1,-,211,3,0.005918,25582745,(p=7.80e-03),,18705345,(p=8.20e-03),,25547406,(p=8.40e-03),,NA,,NA,,NA,,NA,,NA,,NA,,NA,
279,279,108,ADCY2,-,39,2,0.006137,25815774,(p=7.02e-04),,22864933,(p=4.40e-03),,NA,,NA,,NA,,NA,,NA,,NA,,NA,,NA,
280,280,5591,PRKDC,-,532,4,0.0062,22131882,(p=1.70e-03),,21042724,(p=5.30e-03),,25046228,(p=5.70e-03),,26108997,(p=7.50e-03),,NA,,NA,,NA,,NA,,NA,,NA,
281,281,23476,BRD4,-,216,3,0.006269,25647019,(p=7.70e-03),,28391274,(p=9.10e-03),,27259267,(p=9.70e-03),,NA,,NA,,NA,,NA,,NA,,NA,,NA,
282,282,7039,TGFA,-,217,3,0.006332,25234930,(p=6.01e-04),,20047592,(p=2.50e-03),,24122793,(p=9.40e-03),,NA,,NA,,NA,,NA,,NA,,NA,,NA,
283,283,10643,IGF2BP3,-,217,3,0.00631,26158423,(p=5.70e-03),,19357927,(p=6.10e-03),,19695680,(p=6.40e-03),,NA,,NA,,NA,,NA,,NA,,NA,,NA,
284,284,5268,SERPINB5,-,219,3,0.006458,25936422,(p=5.20e-03),,22684556,(p=7.30e-03),,26733306,(p=9.30e-03),,NA,,NA,,NA,,NA,,NA,,NA,,NA,
285,285,80315,CPEB4,-,41,2,0.006644,28551384,(p=4.10e-03),,27113098,(p=7.60e-03),,NA,,NA,,NA,,NA,,NA,,NA,,NA,,NA,
286,286,84142,ABRAXAS1,-,41,2,0.00662,19415121,(p=9.02e-04),,21529986,(p=7.00e-03),,NA,,NA,,NA,,NA,,NA,,NA,,NA,,NA,
287,287,3371,TNC,-,222,3,0.006649,27487140,(p=5.30e-03),,26731558,(p=7.80e-03),,24696262,(p=9.80e-03),,NA,,NA,,NA,,NA,,NA,,NA,,NA,
288,288,3814,KISS1,-,224,3,0.006805,25707392,(p=1.20e-03),,21383688,(p=2.80e-03),,17695545,(p=5.30e-03),,NA,,NA,,NA,,NA,,NA,,NA,,NA,
289,289,3925,STMN1,-,224,3,0.006781,24306928,(p=4.00e-03),,25894372,(p=6.20e-03),,26220844,(p=7.30e-03),,NA,,NA,,NA,,NA,,NA,,NA,,NA,
290,290,8445,DYRK2,-,43,2,0.007188,26804244,(p=6.00e-03),,25095982,(p=9.10e-03),,NA,,NA,,NA,,NA,,NA,,NA,,NA,,NA,
291,291,11012,KLK11,-,43,2,0.007163,12845660,(p=5.30e-03),,23647300,(p=8.10e-03),,NA,,NA,,NA,,NA,,NA,,NA,,NA,,NA,
292,292,56649,TMPRSS4,-,45,2,0.00782,22067904,(p=7.40e-03),,28259959,(p=7.60e-03),,NA,,NA,,NA,,NA,,NA,,NA,,NA,,NA,
293,293,27074,LAMP3,-,46,2,0.008146,28349821,(p=7.40e-03),,21319150,(p=7.40e-03),,NA,,NA,,NA,,NA,,NA,,NA,,NA,,NA,
294,294,3481,IGF2,-,583,4,0.008297,16935391,(p=6.10e-03),,24599933,(p=6.60e-03),,16489075,(p=7.80e-03),,24932685,(p=8.50e-03),,NA,,NA,,NA,,NA,,NA,,NA,
295,295,2984,GUCY2C,-,47,2,0.008448,27903079,(p=3.30e-03),,19895223,(p=9.10e-03),,NA,,NA,,NA,,NA,,NA,,NA,,NA,,NA,
296,296,84289,ING5,-,47,2,0.008419,27409347,(p=8.80e-03),,25980581,(p=9.90e-03),,NA,,NA,,NA,,NA,,NA,,NA,,NA,,NA,
297,297,84329,HVCN1,-,48,2,0.008752,22367212,(p=6.20e-03),,23940591,(p=6.60e-03),,NA,,NA,,NA,,NA,,NA,,NA,,NA,,NA,
298,298,11168,PSIP1,-,249,3,0.008945,26840454,(p=6.90e-03),,28212536,(p=8.20e-03),,18708362,(p=9.30e-03),,NA,,NA,,NA,,NA,,NA,,NA,,NA,
299,299,3352,HTR1D,-,49,2,0.009059,25170871,(p=7.60e-03),,25268648,(p=7.60e-03),,NA,,NA,,NA,,NA,,NA,,NA,,NA,,NA,
300,300,10615,SPAG5,-,49,2,0.009029,27312051,(p=4.20e-03),,24853425,(p=8.70e-03),,NA,,NA,,NA,,NA,,NA,,NA,,NA,,NA,
301,301,340273,ABCB5,-,49,2,0.008999,25689483,(p=7.60e-03),,22784549,(p=9.80e-03),,NA,,NA,,NA,,NA,,NA,,NA,,NA,,NA,
302,302,3690,ITGB3,-,1058,5,0.009137,25808196,(p=1.90e-03),,21508388,(p=4.40e-03),,27108184,(p=7.20e-03),,20565758,(p=7.80e-03),,22094875,(p=9.60e-03),,NA,,NA,,NA,,NA,,NA,
303,303,4282,MIF,-,604,4,0.009177,16243796,(p=2.40e-03),,16820919,(p=5.30e-03),,27197190,(p=7.20e-03),,22821831,(p=9.90e-03),,NA,,NA,,NA,,NA,,NA,,NA,
304,304,55244,SLC47A1,-,50,2,0.009275,27590272,(p=4.50e-03),,25753371,(p=9.50e-03),,NA,,NA,,NA,,NA,,NA,,NA,,NA,,NA,
305,305,836,CASP3,-,1069,5,0.009469,19219602,(p=2.70e-03),,18227733,(p=5.50e-03),,26978233,(p=5.70e-03),,19996278,(p=6.00e-03),,15803189,(p=7.80e-03),,NA,,NA,,NA,,NA,,NA,
306,306,3875,KRT18,-,258,3,0.009654,23154549,(p=4.60e-03),,17545523,(p=4.80e-03),,18705345,(p=8.20e-03),,NA,,NA,,NA,,NA,,NA,,NA,,NA,
307,307,3958,LGALS3,-,620,4,0.009972,27687248,(p=5.70e-03),,25788032,(p=7.40e-03),,24338002,(p=7.80e-03),,17544840,(p=9.60e-03),,NA,,NA,,NA,,NA,,NA,,NA,
